{
  "edf_path": "/Users/samxie/Research/EEG-Voice/openneuro_downloads/ds006104-download/sub-S05/ses-02/eeg/sub-S05_ses-02_task-singlephoneme_eeg.edf",
  "original_sampling_frequency_hz": 2000.0,
  "analysis_sampling_frequency_hz": 250.0,
  "eeg_channel_count": 61,
  "samples_per_channel": 597250,
  "duration_seconds": 2389.0,
  "duration_minutes": 39.81666666666667,
  "matrix_shape": [
    61,
    597250
  ],
  "global_mean_uV": 0.002150047494959223,
  "global_std_uV": 0.004533073913451785,
  "global_min_uV": -0.06827242238890611,
  "global_max_uV": 0.016956386596770748
}