{
  "edf_path": "/Users/samxie/Research/EEG-Voice/openneuro_downloads/ds006104-download/sub-P06/ses-01/eeg/sub-P06_ses-01_task-phonemes_eeg.edf",
  "original_sampling_frequency_hz": 2000.0,
  "analysis_sampling_frequency_hz": 250.0,
  "eeg_channel_count": 61,
  "samples_per_channel": 1220750,
  "duration_seconds": 4883.0,
  "duration_minutes": 81.38333333333334,
  "matrix_shape": [
    61,
    1220750
  ],
  "global_mean_uV": -0.007030866446816189,
  "global_std_uV": 0.007102476849677939,
  "global_min_uV": -0.08684470588902507,
  "global_max_uV": 0.09332056474869603
}