{
  "edf_path": "/Users/samxie/Research/EEG-Voice/openneuro_downloads/ds006104-download/sub-P07/ses-01/eeg/sub-P07_ses-01_task-phonemes_eeg.edf",
  "original_sampling_frequency_hz": 2000.0,
  "analysis_sampling_frequency_hz": 250.0,
  "eeg_channel_count": 61,
  "samples_per_channel": 1219250,
  "duration_seconds": 4877.0,
  "duration_minutes": 81.28333333333333,
  "matrix_shape": [
    61,
    1219250
  ],
  "global_mean_uV": -0.0061067891955318265,
  "global_std_uV": 0.005658262876403051,
  "global_min_uV": -0.08863941075096143,
  "global_max_uV": 0.015594536275328336
}