{
  "edf_path": "/Users/samxie/Research/EEG-Voice/openneuro_downloads/ds006104-download/sub-S15/ses-02/eeg/sub-S15_ses-02_task-Words_eeg.edf",
  "original_sampling_frequency_hz": 2000.0,
  "analysis_sampling_frequency_hz": 250.0,
  "eeg_channel_count": 61,
  "samples_per_channel": 845750,
  "duration_seconds": 3383.0,
  "duration_minutes": 56.38333333333333,
  "matrix_shape": [
    61,
    845750
  ],
  "global_mean_uV": 0.002230004390681678,
  "global_std_uV": 0.006938504652985076,
  "global_min_uV": -0.09749641491900428,
  "global_max_uV": 0.10171024022693648
}