{
  "edf_path": "/Users/samxie/Research/EEG-Voice/openneuro_downloads/ds006104-download/sub-S13/ses-02/eeg/sub-S13_ses-02_task-phonemes_eeg.edf",
  "original_sampling_frequency_hz": 2000.0,
  "analysis_sampling_frequency_hz": 250.0,
  "eeg_channel_count": 61,
  "samples_per_channel": 1153250,
  "duration_seconds": 4613.0,
  "duration_minutes": 76.88333333333334,
  "matrix_shape": [
    61,
    1153250
  ],
  "global_mean_uV": -0.011281561263785806,
  "global_std_uV": 0.010188128929225153,
  "global_min_uV": -0.12339026552242935,
  "global_max_uV": 0.11845916838096578
}