{
  "edf_path": "/Users/samxie/Research/EEG-Voice/openneuro_downloads/ds006104-download/sub-S16/ses-02/eeg/sub-S16_ses-02_task-Words_eeg.edf",
  "original_sampling_frequency_hz": 2000.0,
  "analysis_sampling_frequency_hz": 250.0,
  "eeg_channel_count": 61,
  "samples_per_channel": 797000,
  "duration_seconds": 3188.0,
  "duration_minutes": 53.13333333333333,
  "matrix_shape": [
    61,
    797000
  ],
  "global_mean_uV": 0.0038749291630086956,
  "global_std_uV": 0.0073336575406177905,
  "global_min_uV": -0.09892324916424622,
  "global_max_uV": 0.09835014902511888
}