{
  "edf_path": "/Users/samxie/Research/EEG-Voice/openneuro_downloads/ds006104-download/sub-S12/ses-02/eeg/sub-S12_ses-02_task-phonemes_eeg.edf",
  "original_sampling_frequency_hz": 2000.0,
  "analysis_sampling_frequency_hz": 250.0,
  "eeg_channel_count": 61,
  "samples_per_channel": 743000,
  "duration_seconds": 2972.0,
  "duration_minutes": 49.53333333333333,
  "matrix_shape": [
    61,
    743000
  ],
  "global_mean_uV": -0.0018469817207636074,
  "global_std_uV": 0.007954865319041993,
  "global_min_uV": -0.11107178591812994,
  "global_max_uV": 0.11848439829033842
}