{
  "edf_path": "/Users/samxie/Research/EEG-Voice/openneuro_downloads/ds006104-download/sub-P03/ses-01/eeg/sub-P03_ses-01_task-phonemes_eeg.edf",
  "original_sampling_frequency_hz": 2000.0,
  "analysis_sampling_frequency_hz": 250.0,
  "eeg_channel_count": 61,
  "samples_per_channel": 1222250,
  "duration_seconds": 4889.0,
  "duration_minutes": 81.48333333333333,
  "matrix_shape": [
    61,
    1222250
  ],
  "global_mean_uV": -0.006148039351354485,
  "global_std_uV": 0.006754436814242064,
  "global_min_uV": -0.09073246692579706,
  "global_max_uV": 0.023569481424582605
}