{
  "edf_path": "/Users/samxie/Research/EEG-Voice/openneuro_downloads/ds006104-download/sub-S09/ses-02/eeg/sub-S09_ses-02_task-singlephoneme_eeg.edf",
  "original_sampling_frequency_hz": 2000.0,
  "analysis_sampling_frequency_hz": 250.0,
  "eeg_channel_count": 61,
  "samples_per_channel": 663250,
  "duration_seconds": 2653.0,
  "duration_minutes": 44.21666666666667,
  "matrix_shape": [
    61,
    663250
  ],
  "global_mean_uV": -0.010616892061663451,
  "global_std_uV": 0.009198513871477606,
  "global_min_uV": -0.09632776718228975,
  "global_max_uV": 0.09528674640936934
}