{
  "edf_path": "/Users/samxie/Research/EEG-Voice/openneuro_downloads/ds006104-download/sub-S01/ses-02/eeg/sub-S01_ses-02_task-Words_eeg.edf",
  "original_sampling_frequency_hz": 2000.0,
  "analysis_sampling_frequency_hz": 250.0,
  "eeg_channel_count": 61,
  "samples_per_channel": 841750,
  "duration_seconds": 3367.0,
  "duration_minutes": 56.11666666666667,
  "matrix_shape": [
    61,
    841750
  ],
  "global_mean_uV": -0.0035793490694450434,
  "global_std_uV": 0.006588921096361718,
  "global_min_uV": -0.06183103985472782,
  "global_max_uV": 0.013769038091215265
}